{
  "metadata": {
    "system": "clickhouse cloud",
    "version": "25.8.1.9104",
    "create_time": "2026-01-24",
    "machine": "32C(aws)",
    "cluster_size": 4,
    "tags": [
      "benchmark",
      "clickhouse"
    ]
  },
  "results": {
    "load": {
      "load_times": {
        "customer": 3.116,
        "dates": 0.231,
        "lineorder": 187.442,
        "part": 1.105,
        "supplier": 0.645,
        "z_lineorder_flat": 158.426
      },
      "data_size_bytes": 51916898060
    },
    "query": {
      "query_times": {}
    },
    "jmeter": {
      "test_results": [
        {
          "config": {
            "threads": 10,
            "query_by_query": true,
            "loops": 1,
            "duration": 180
          },
          "queries": {
            "q1.1": {
              "qps": 65.16633072912329,
              "avg": 0.15330495910020564,
              "min": 0.088,
              "max": 1.875,
              "99th": 0.254,
              "sample": 11736,
              "error": 0
            },
            "q1.2": {
              "qps": 371.91914366497616,
              "avg": 0.026826761657257354,
              "min": 0.021,
              "max": 1.26,
              "99th": 0.042,
              "sample": 66954,
              "error": 0
            },
            "q1.3": {
              "qps": 598.1201984234997,
              "avg": 0.016671570402979504,
              "min": 0.014,
              "max": 0.38,
              "99th": 0.027,
              "sample": 107673,
              "error": 0
            },
            "q2.1": {
              "qps": 8.800910477116528,
              "avg": 1.1336930320150667,
              "min": 0.478,
              "max": 2.993,
              "99th": 2.576,
              "sample": 1593,
              "error": 0
            },
            "q2.2": {
              "qps": 9.666027423000612,
              "avg": 1.032347627215551,
              "min": 0.402,
              "max": 2.48,
              "99th": 2.2935,
              "sample": 1749,
              "error": 0
            },
            "q2.3": {
              "qps": 10.085298822643765,
              "avg": 0.9898051591657516,
              "min": 0.673,
              "max": 1.448,
              "99th": 1.3137699999999999,
              "sample": 1822,
              "error": 0
            },
            "q3.1": {
              "qps": 8.581934806049379,
              "avg": 1.1630966494845343,
              "min": 0.794,
              "max": 1.882,
              "99th": 1.6388700000000005,
              "sample": 1552,
              "error": 0
            },
            "q3.2": {
              "qps": 10.479696625792343,
              "avg": 0.95249973586899,
              "min": 0.641,
              "max": 1.62,
              "99th": 1.3070599999999999,
              "sample": 1893,
              "error": 0
            },
            "q3.3": {
              "qps": 14.959194641284052,
              "avg": 0.6677311111111117,
              "min": 0.289,
              "max": 1.214,
              "99th": 1.125,
              "sample": 2700,
              "error": 0
            },
            "q3.4": {
              "qps": 297.8288519964675,
              "avg": 0.033524150535228045,
              "min": 0.024,
              "max": 0.118,
              "99th": 0.064,
              "sample": 53622,
              "error": 0
            },
            "q4.1": {
              "qps": 4.720198930528354,
              "avg": 2.107247086247086,
              "min": 0.898,
              "max": 3.237,
              "99th": 3.08105,
              "sample": 858,
              "error": 0
            },
            "q4.2": {
              "qps": 21.326909231876837,
              "avg": 0.46799610490781535,
              "min": 0.21,
              "max": 1.056,
              "99th": 0.8789600000000001,
              "sample": 3851,
              "error": 0
            },
            "q4.3": {
              "qps": 26.043313090979673,
              "avg": 0.38358006814310075,
              "min": 0.18,
              "max": 0.817,
              "99th": 0.7000299999999997,
              "sample": 4696,
              "error": 0
            }
          },
          "total": {
            "transaction": "Total",
            "sampleCount": 260699,
            "errorCount": 0,
            "errorPct": 0.0,
            "meanResTime": 89.8571724479171,
            "medianResTime": 54.0,
            "minResTime": 14.0,
            "maxResTime": 3237.0,
            "pct1ResTime": 628.0,
            "pct2ResTime": 804.0,
            "pct3ResTime": 2612.9900000000016,
            "throughput": 111.05691486370661,
            "receivedKBytesPerSec": 96.68833390186143,
            "sentKBytesPerSec": 0.0
          }
        },
        {
          "config": {
            "threads": 30,
            "query_by_query": true,
            "loops": 1,
            "duration": 180
          },
          "queries": {
            "q1.1": {
              "qps": 65.5058181152303,
              "avg": 0.45758517577297647,
              "min": 0.14,
              "max": 2.121,
              "99th": 0.691,
              "sample": 11805,
              "error": 0
            },
            "q1.2": {
              "qps": 451.70658034281524,
              "avg": 0.06633173531978663,
              "min": 0.022,
              "max": 0.299,
              "99th": 0.111,
              "sample": 81351,
              "error": 0
            },
            "q1.3": {
              "qps": 1170.6738777957933,
              "avg": 0.025578701222317576,
              "min": 0.015,
              "max": 0.25,
              "99th": 0.053,
              "sample": 210829,
              "error": 0
            },
            "q2.1": {
              "qps": 8.792790022023166,
              "avg": 3.3935440349781425,
              "min": 1.416,
              "max": 4.92,
              "99th": 4.56132,
              "sample": 1601,
              "error": 0
            },
            "q2.2": {
              "qps": 9.52894147921283,
              "avg": 3.1341130986728256,
              "min": 1.622,
              "max": 3.973,
              "99th": 3.785560000000001,
              "sample": 1733,
              "error": 0
            },
            "q2.3": {
              "qps": 9.887618242408605,
              "avg": 3.017303164908385,
              "min": 1.528,
              "max": 4.725,
              "99th": 4.09994,
              "sample": 1801,
              "error": 0
            },
            "q3.1": {
              "qps": 8.39272009648065,
              "avg": 3.5543847158719744,
              "min": 1.324,
              "max": 5.48,
              "99th": 4.981080000000002,
              "sample": 1531,
              "error": 0
            },
            "q3.2": {
              "qps": 10.199368793780309,
              "avg": 2.9268064690026923,
              "min": 1.166,
              "max": 4.924,
              "99th": 4.3894400000000005,
              "sample": 1855,
              "error": 0
            },
            "q3.3": {
              "qps": 15.171318432241947,
              "avg": 1.9709352962559061,
              "min": 0.918,
              "max": 3.378,
              "99th": 3.10148,
              "sample": 2751,
              "error": 0
            },
            "q3.4": {
              "qps": 436.82424740527665,
              "avg": 0.0686117566296295,
              "min": 0.026,
              "max": 0.224,
              "99th": 0.112,
              "sample": 78662,
              "error": 0
            },
            "q4.1": {
              "qps": 6.131884175521129,
              "avg": 4.813455908289247,
              "min": 1.542,
              "max": 7.501,
              "99th": 7.2046,
              "sample": 1134,
              "error": 0
            },
            "q4.2": {
              "qps": 21.771364707704908,
              "avg": 1.3758233799237587,
              "min": 0.496,