{
  "metadata": {
    "system": "doris",
    "version": "",
    "create_time": "2026-02-10",
    "machine": "aws.16c.128GB",
    "cluster_size": 1,
    "tags": [
      "benchmark",
      "doris"
    ]
  },
  "results": {
    "load": {
      "load_times": {
        "amazon_reviews": 487.865
      },
      "data_size_bytes": 27861452849
    },
    "query": {
      "query_times": {
        "q1": [
          0.045,
          0.050,
          0.036
        ],
        "q2": [
          0.483,
          0.357,
          0.345
        ],
        "q3": [
          0.039,
          0.042,
          0.038
        ],
        "q4": [
          0.477,
          0.122,
          0.128
        ],
        "q5": [
          1.407,
          0.330,
          0.328
        ],
        "q6": [
          0.120,
          0.072,
          0.077
        ],
        "q7": [
          0.303,
          0.086,
          0.091
        ],
        "q8": [
          0.081,
          0.063,
          0.063
        ],
        "q9": [
          0.637,
          0.425,
          0.372
        ],
        "q10": [
          0.138,
          0.162,
          0.138
        ],
        "q11": [
          0.135,
          0.119,
          0.113
        ],
        "q12": [
          0.455,
          0.261,
          0.186
        ],
        "q13": [
          1.176,
          0.361,
          0.391
        ],
        "q14": [
          0.117,
          0.109,
          0.095
        ],
        "q15": [
          0.163,
          0.149,
          0.158
        ],
        "q16": [
          0.340,
          0.404,
          0.453
        ]
      }
    },
    "jmeter": {
      "test_results": [
        {
          "config": {
            "threads": 50,
            "query_by_query": true,
            "loops": 1,
            "duration": 180
          },
          "queries": {
            "q1": {
              "qps": 355.33981660955385,
              "avg": 0.14062102219443567,
              "min": 0.018,
              "max": 0.723,
              "99th": 0.236,
              "sample": 63980,
              "error": 0
            },
            "q2": {
              "qps": 6.30859159589721,
              "avg": 7.912446678321682,
              "min": 1.512,
              "max": 15.994,
              "99th": 12.3805,
              "sample": 1144,
              "error": 0
            },
            "q3": {
              "qps": 480.094392004442,
              "avg": 0.10406607297750597,
              "min": 0.013,
              "max": 0.416,
              "99th": 0.2589900000000016,
              "sample": 86465,
              "error": 0
            },
            "q4": {
              "qps": 20.203582297287596,
              "avg": 2.469473482777473,
              "min": 1.032,
              "max": 2.934,
              "99th": 2.85682,
              "sample": 3658,
              "error": 0
            },
            "q5": {
              "qps": 13.041901160745692,
              "avg": 3.819083017277707,
              "min": 1.932,
              "max": 4.823,
              "99th": 4.5552600000000005,
              "sample": 2373,
              "error": 0
            },
            "q6": {
              "qps": 56.03804682600903,
              "avg": 0.891983164983164,
              "min": 0.142,
              "max": 1.411,
              "99th": 1.091,
              "sample": 10098,
              "error": 0
            },
            "q7": {
              "qps": 38.50686318445119,
              "avg": 1.296954310344826,
              "min": 0.747,
              "max": 1.651,
              "99th": 1.466,
              "sample": 6960,
              "error": 0
            },
            "q8": {
              "qps": 60.449911347517734,
              "avg": 0.8263100824931251,
              "min": 0.46,
              "max": 1.184,
              "99th": 0.995,
              "sample": 10910,
              "error": 0
            },
            "q9": {
              "qps": 5.813126838818344,
              "avg": 8.524597365945441,
              "min": 2.882,
              "max": 9.12,
              "99th": 9.04008,
              "sample": 1063,
              "error": 0
            },
            "q10": {
              "qps": 34.56537376196536,
              "avg": 1.446060188890667,
              "min": 0.846,
              "max": 2.061,
              "99th": 1.7070799999999982,
              "sample": 6247,
              "error": 0
            },
            "q11": {
              "qps": 41.4029812799496,
              "avg": 1.207165398478172,
              "min": 0.84,
              "max": 4.338,
              "99th": 1.38608,
              "sample": 7491,
              "error": 0
            },
            "q12": {
              "qps": 22.47172477498034,
              "avg": 2.2244886224614575,
              "min": 0.67,
              "max": 3.917,
              "99th": 2.9903199999999988,
              "sample": 4087,
              "error": 0
            },
            "q13": {
              "qps": 11.980694406991399,
              "avg": 4.170873220027567,
              "min": 1.51,
              "max": 5.786,
              "99th": 5.242839999999996,
              "sample": 2177,
              "error": 0
            },
            "q14": {
              "qps": 31.234764880556664,
              "avg": 1.5989693153600586,
              "min": 0.525,
              "max": 1.983,
              "99th": 1.7706099999999996,
              "sample": 5638,
              "error": 0
            },
            "q15": {
              "qps": 16.47629470349819,
              "avg": 3.02837950600801,
              "min": 1.869,
              "max": 3.586,
              "99th": 3.3240600000000002,
              "sample": 2996,
              "error": 0
            },
            "q16": {
              "qps": 7.9513923162131634,
              "avg": 6.261714482758622,
              "min": 4.693,
              "max": 6.669,
              "99th": 6.50196,
              "sample": 1450,
              "error": 0
            }
          },
          "total": {
            "transaction": "Total",
            "sampleCount": 216737,
            "errorCount": 0,
            "errorPct": 0.0,
            "meanResTime": 667.4863590434398,
            "medianResTime": 2094.0,
            "minResTime": 13.0,
            "maxResTime": 15994.0,
            "pct1ResTime": 4245.9000000000015,
            "pct2ResTime": 6233.0,
            "pct3ResTime": 6354.0,
            "throughput": 74.76904724203821,
            "receivedKBytesPerSec": 48.90874156167324,
            "sentKBytesPerSec": 0.0
          }
        }
      ]
    }
  }
}
