{
  "metadata": {
    "system": "doris",
    "version": "",
    "create_time": "2026-02-10",
    "machine": "aws.32c.256GB",
    "cluster_size": 1,
    "tags": [
      "benchmark",
      "doris"
    ]
  },
  "results": {
    "load": {
      "load_times": {
        "amazon_reviews": 499.208
      },
      "data_size_bytes": 27861452849
    },
    "query": {
      "query_times": {
        "q1": [
          0.061,
          0.040,
          0.035
        ],
        "q2": [
          0.293,
          0.221,
          0.224
        ],
        "q3": [
          0.040,
          0.036,
          0.036
        ],
        "q4": [
          0.275,
          0.095,
          0.086
        ],
        "q5": [
          0.864,
          0.265,
          0.301
        ],
        "q6": [
          0.128,
          0.131,
          0.104
        ],
        "q7": [
          0.287,
          0.106,
          0.172
        ],
        "q8": [
          0.143,
          0.128,
          0.088
        ],
        "q9": [
          0.439,
          0.344,
          0.473
        ],
        "q10": [
          0.122,
          0.108,
          0.113
        ],
        "q11": [
          0.093,
          0.095,
          0.086
        ],
        "q12": [
          0.407,
          0.226,
          0.189
        ],
        "q13": [
          1.106,
          0.482,
          0.379
        ],
        "q14": [
          0.117,
          0.062,
          0.064
        ],
        "q15": [
          0.184,
          0.081,
          0.073
        ],
        "q16": [
          0.126,
          0.119,
          0.116
        ]
      }
    },
    "jmeter": {
      "test_results": [
        {
          "config": {
            "threads": 50,
            "query_by_query": true,
            "loops": 1,
            "duration": 180
          },
          "queries": {
            "q1": {
              "qps": 608.3455059456037,
              "avg": 0.08213384216484627,
              "min": 0.013,
              "max": 0.535,
              "99th": 0.125,
              "sample": 109532,
              "error": 0
            },
            "q2": {
              "qps": 12.499031726183231,
              "avg": 3.9960566622399303,
              "min": 0.715,
              "max": 7.718,
              "99th": 6.176000000000002,
              "sample": 2259,
              "error": 0
            },
            "q3": {
              "qps": 569.5252799004799,
              "avg": 0.08774174800830686,
              "min": 0.015,
              "max": 0.444,
              "99th": 0.1979800000000032,
              "sample": 102551,
              "error": 0
            },
            "q4": {
              "qps": 39.307305622605575,
              "avg": 1.2704540845070402,
              "min": 0.611,
              "max": 1.627,
              "99th": 1.4409799999999995,
              "sample": 7100,
              "error": 0
            },
            "q5": {
              "qps": 26.379744598117625,
              "avg": 1.8914528894472362,
              "min": 1.012,
              "max": 2.454,
              "99th": 2.238,
              "sample": 4776,
              "error": 0
            },
            "q6": {
              "qps": 103.7622839903281,
              "avg": 0.4817448423303056,
              "min": 0.041,
              "max": 0.912,
              "99th": 0.6298899999999994,
              "sample": 18710,
              "error": 0
            },
            "q7": {
              "qps": 75.27650727650729,
              "avg": 0.663682280159078,
              "min": 0.356,
              "max": 1.138,
              "99th": 0.791,
              "sample": 13578,
              "error": 0
            },
            "q8": {
              "qps": 106.31664207174322,
              "avg": 0.4699854936338954,
              "min": 0.231,
              "max": 0.832,
              "99th": 0.597,
              "sample": 19164,
              "error": 0
            },
            "q9": {
              "qps": 7.6958123143975365,
              "avg": 6.477864479315267,
              "min": 2.4,
              "max": 7.069,
              "99th": 6.877940000000001,
              "sample": 1402,
              "error": 0
            },
            "q10": {
              "qps": 40.7615328288992,
              "avg": 1.226322264561784,
              "min": 0.889,
              "max": 2.297,
              "99th": 1.383,
              "sample": 7348,
              "error": 0
            },
            "q11": {
              "qps": 54.95498993305342,
              "avg": 0.9094191562373865,
              "min": 0.288,
              "max": 1.354,
              "99th": 1.088,
              "sample": 9908,
              "error": 0
            },
            "q12": {
              "qps": 20.985922521193842,
              "avg": 2.381923381770152,
              "min": 0.479,
              "max": 4.012,
              "99th": 3.024259999999999,
              "sample": 3785,
              "error": 0
            },
            "q13": {
              "qps": 12.040773688435358,
              "avg": 4.150668036529672,
              "min": 2.445,
              "max": 6.135,
              "99th": 4.942880000000005,
              "sample": 2190,
              "error": 0
            },
            "q14": {
              "qps": 46.08744313868896,
              "avg": 1.083896850204376,
              "min": 0.484,
              "max": 1.509,
              "99th": 1.25,
              "sample": 8318,
              "error": 0
            },
            "q15": {
              "qps": 31.943476962881878,
              "avg": 1.5627827968155068,
              "min": 0.93,
              "max": 1.917,
              "99th": 1.77121,
              "sample": 5778,
              "error": 0
            },
            "q16": {
              "qps": 15.650904140270747,
              "avg": 3.1811231146966006,
              "min": 2.032,
              "max": 3.639,
              "99th": 3.43592,
              "sample": 2851,
              "error": 0
            }
          },
          "total": {
            "transaction": "Total",
            "sampleCount": 319250,
            "errorCount": 0,
            "errorPct": 0.0,
            "meanResTime": 452.4070602975692,
            "medianResTime": 1530.0,
            "minResTime": 13.0,
            "maxResTime": 7718.0,
            "pct1ResTime": 3912.0,
            "pct2ResTime": 4159.0,
            "pct3ResTime": 4366.960000000006,
            "throughput": 110.39054220169052,
            "receivedKBytesPerSec": 64.68784740171611,
            "sentKBytesPerSec": 0.0
          }
        }
      ]
    }
  }
}
