{
  "metadata": {
    "system": "snowflake",
    "version": "10.0.0",
    "create_time": "2026-01-21",
    "machine": "XLarge(aws)",
    "cluster_size": 1,
    "tags": [
      "benchmark",
      "snowflake"
    ]
  },
  "results": {
    "load": {
      "load_times": {
        "customer": 9.298,
        "dates": 2.869,
        "lineorder": 431.983,
        "part": 7.539,
        "supplier": 3.586
      },
      "data_size_bytes": 12302586368
    },
    "jmeter": {
      "test_results": [
        {
          "config": {
            "threads": 10,
            "query_by_query": true,
            "loops": 1,
            "duration": 180
          },
          "queries": {
            "q1.1": {
              "qps": 12.577362960994675,
              "avg": 0.7938934859154932,
              "min": 0.244,
              "max": 4.741,
              "99th": 1.42981,
              "sample": 2272,
              "error": 0
            },
            "q1.2": {
              "qps": 20.22676139071453,
              "avg": 0.49371917808219096,
              "min": 0.2,
              "max": 1.553,
              "99th": 1.1439799999999996,
              "sample": 3650,
              "error": 0
            },
            "q1.3": {
              "qps": 22.432041337938756,
              "avg": 0.4453549184379638,
              "min": 0.227,
              "max": 1.921,
              "99th": 1.0780099999999957,
              "sample": 4046,
              "error": 0
            },
            "q2.1": {
              "qps": 4.6260601387818046,
              "avg": 2.1525690476190484,
              "min": 1.455,
              "max": 4.071,
              "99th": 2.9699000000000004,
              "sample": 840,
              "error": 0
            },
            "q2.2": {
              "qps": 5.21595598349381,
              "avg": 1.9100042194092823,
              "min": 1.196,
              "max": 2.933,
              "99th": 2.57355,
              "sample": 948,
              "error": 0
            },
            "q2.3": {
              "qps": 5.9572073935562875,
              "avg": 1.6738611111111106,
              "min": 0.853,
              "max": 15.361,
              "99th": 2.595830000000003,
              "sample": 1080,
              "error": 0
            },
            "q3.1": {
              "qps": 3.4353340821302356,
              "avg": 2.8958405103668263,
              "min": 2.083,
              "max": 4.16,
              "99th": 3.8649600000000017,
              "sample": 627,
              "error": 0
            },
            "q3.2": {
              "qps": 4.793546894112202,
              "avg": 2.0780988505747127,
              "min": 1.529,
              "max": 2.864,
              "99th": 2.7364499999999996,
              "sample": 870,
              "error": 0
            },
            "q3.3": {
              "qps": 6.0680348732559235,
              "avg": 1.64352957233849,
              "min": 0.938,
              "max": 2.972,
              "99th": 2.582,
              "sample": 1099,
              "error": 0
            },
            "q3.4": {
              "qps": 11.754484025744754,
              "avg": 0.8494411487758939,
              "min": 0.525,
              "max": 2.001,
              "99th": 1.4865,
              "sample": 2124,
              "error": 0
            },
            "q4.1": {
              "qps": 2.572066917334205,
              "avg": 3.8551398305084756,
              "min": 2.076,
              "max": 5.612,
              "99th": 5.052129999999996,
              "sample": 472,
              "error": 0
            },
            "q4.2": {
              "qps": 3.7387986577548595,
              "avg": 2.6583997071742362,
              "min": 1.643,
              "max": 4.153,
              "99th": 3.6810399999999985,
              "sample": 683,
              "error": 0
            },
            "q4.3": {
              "qps": 5.133301124385102,
              "avg": 1.9386577540106957,
              "min": 1.294,
              "max": 8.507,
              "99th": 2.6897999999999995,
              "sample": 935,
              "error": 0
            }
          },
          "total": {
            "transaction": "Total",
            "sampleCount": 19646,
            "errorCount": 0,
            "errorPct": 0.0,
            "meanResTime": 1197.005344599416,
            "medianResTime": 801.0,
            "minResTime": 200.0,
            "maxResTime": 15361.0,
            "pct1ResTime": 2368.0,
            "pct2ResTime": 2854.0,
            "pct3ResTime": 3832.529999999999,
            "throughput": 8.323666311055826,
            "receivedKBytesPerSec": 25.88526893497978,
            "sentKBytesPerSec": 0.0
          }
        },
        {
          "config": {
            "threads": 30,
            "query_by_query": true,
            "loops": 1,
            "duration": 180
          },
          "queries": {
            "q1.1": {
              "qps": 12.445393223808004,
              "avg": 2.3995318302387294,
              "min": 1.513,
              "max": 6.109,
              "99th": 4.342219999999999,
              "sample": 2262,
              "error": 0
            },
            "q1.2": {
              "qps": 23.560325030913265,
              "avg": 1.2696211340206212,
              "min": 0.848,
              "max": 3.026,
              "99th": 1.9333100000000003,
              "sample": 4268,
              "error": 0
            },
            "q1.3": {
              "qps": 25.10758420293778,
              "avg": 1.1916497249724953,
              "min": 0.719,
              "max": 2.855,
              "99th": 2.01708,
              "sample": 4545,
              "error": 0
            },
            "q2.1": {
              "qps": 4.573562136254707,
              "avg": 6.454091228070172,
              "min": 3.649,
              "max": 9.538,
              "99th": 8.152799999999983,
              "sample": 855,
              "error": 0
            },
            "q2.2": {
              "qps": 5.171547303175881,
              "avg": 5.722206896551715,
              "min": 1.237,
              "max": 7.399,
              "99th": 6.90384,
              "sample": 957,
              "error": 0
            },
            "q2.3": {
              "qps": 6.013931553671094,
              "avg": 4.924125899280574,
              "min": 1.428,
              "max": 6.39,
              "99th": 5.970359999999997,
              "sample": 1112,
              "error": 0
            },
            "q3.1": {
              "qps": 3.4039394501736435,
              "avg": 8.631685358255453,
              "min": 2.539,
              "max": 10.739,
              "99th": 10.434130000000001,
              "sample": 642,
              "error": 0
            },
            "q3.2": {
              "qps": 4.822640004741813,
              "avg": 6.132172067039104,
              "min": 1.711,
              "max": 7.138,
              "99th": 6.914959999999998,
              "sample": 895,
              "error": 0
            },
            "q3.3": {
              "qps": 6.17963214926522,
              "avg": 4.801270175438593,
              "min": 1.44,
              "max": 6.067,
              "99th": 5.787619999999999,
              "sample": 1140,
              "error": 0
            },
            "q3.4": {
              "qps": 11.753607529329171,
              "avg": 2.5367214185721005,
              "min": 1.06,
              "max": 4.296,
              "99th": 3.38,
              "sample": 2143,
              "error": 0
            },
            "q4.1": {
              "qps": 2.579603307345053,
              "avg": 11.308453252032523,
              "min": 2.471,
              "max": 13.005,
              "99th": 12.87128,
              "sample": 492,
              "error": 0
            },
            "q4.2": {
              "qps": 3.7461354674953573,
              "avg": 7.842805397727276,
              "min": 1.61,
              "max": 10.162,