{
    "metadata": {
        "system": "Apache Doris",
        "version": "4.0.3-rc01-3cac2e8795",
        "create_time": "2026-01-24",
        "machine": "32C(aliyun)",
        "cluster_size": 4,
        "tags": [
            "benchmark",
            "doris"
        ]
    },
    "results": {
        "load": {
            "load_times": {
                "customer": 24.524,
                "lineitem": 110.156,
                "nation": 0.231,
                "orders": 23.069,
                "part": 26.356,
                "partsupp": 15.565,
                "region": 0.181,
                "supplier": 1.695
            },
            "data_size_bytes": 14257407088
        },
        "query": {
            "query_times": {}
        },
        "jmeter": {
            "test_results": [
                {
                    "config": {
                        "threads": 10,
                        "query_by_query": true,
                        "loops": 1,
                        "duration": 180
                    },
                    "queries": {
                        "q1.1": {
                            "qps": 78.58115052359658,
                            "avg": 0.1272056557087312,
                            "min": 0.037,
                            "max": 0.344,
                            "99th": 0.185,
                            "sample": 14145,
                            "error": 0
                        },
                        "q1.2": {
                            "qps": 101.68324364549144,
                            "avg": 0.09830218459857992,
                            "min": 0.034,
                            "max": 0.224,
                            "99th": 0.153,
                            "sample": 18310,
                            "error": 0
                        },
                        "q1.3": {
                            "qps": 101.50987611130546,
                            "avg": 0.09846816192560219,
                            "min": 0.034,
                            "max": 0.241,
                            "99th": 0.153,
                            "sample": 18280,
                            "error": 0
                        },
                        "q2.1": {
                            "qps": 12.01601394834891,
                            "avg": 0.8321307763401093,
                            "min": 0.148,
                            "max": 1.135,
                            "99th": 1.01735,
                            "sample": 2164,
                            "error": 0
                        },
                        "q2.2": {
                            "qps": 13.130837236371699,
                            "avg": 0.761037568594344,
                            "min": 0.28,
                            "max": 0.956,
                            "99th": 0.902,
                            "sample": 2369,
                            "error": 0
                        },
                        "q2.3": {
                            "qps": 15.18772561175094,
                            "avg": 0.6580529390288429,
                            "min": 0.374,
                            "max": 0.873,
                            "99th": 0.778,
                            "sample": 2739,
                            "error": 0
                        },
                        "q3.1": {
                            "qps": 7.287781466312715,
                            "avg": 1.3720737642585557,
                            "min": 0.202,
                            "max": 1.61,
                            "99th": 1.58184,
                            "sample": 1315,
                            "error": 0
                        },
                        "q3.2": {
                            "qps": 15.541713582082101,
                            "avg": 0.6429907209136339,
                            "min": 0.155,
                            "max": 0.859,
                            "99th": 0.798,
                            "sample": 2802,
                            "error": 0
                        },
                        "q3.3": {
                            "qps": 15.255356578005427,
                            "avg": 0.6552262640960359,
                            "min": 0.153,
                            "max": 0.849,
                            "99th": 0.7875,
                            "sample": 2749,
                            "error": 0
                        },
                        "q3.4": {
                            "qps": 70.79709903486267,
                            "avg": 0.14118926974664708,
                            "min": 0.062,
                            "max": 0.338,
                            "99th": 0.2215,
                            "sample": 12749,
                            "error": 0
                        },
                        "q4.1": {
                            "qps": 6.590470700396869,
                            "avg": 1.5172396972245585,
                            "min": 0.243,
                            "max": 2.052,
                            "99th": 1.8113999999999997,
                            "sample": 1189,
                            "error": 0
                        },
                        "q4.2": {
                            "qps": 19.661129752364047,
                            "avg": 0.5084313117066293,
                            "min": 0.127,
                            "max": 0.796,
                            "99th": 0.703,
                            "sample": 3545,
                            "error": 0
                        },
                        "q4.3": {
                            "qps": 25.676297820648646,
                            "avg": 0.3892136530568164,
                            "min": 0.14,
                            "max": 2.838,
                            "99th": 0.536,
                            "sample": 4629,
                            "error": 0
                        }
                    },
                    "total": {
                        "transaction": "Total",
                        "sampleCount": 86985,
                        "errorCount": 0,
                        "errorPct": 0,
                        "meanResTime": 269.247617405301,
                        "medianResTime": 190,
                        "minResTime": 34,
                        "maxResTime": 2838,
                        "pct1ResTime": 590.9000000000015,
                        "pct2ResTime": 1377.8500000000022,
                        "pct3ResTime": 1697,
                        "throughput": 37.125068181061586,
                        "receivedKBytesPerSec": 102.01908354169993,
                        "sentKBytesPerSec": 0
                    }
                },
                {
                    "config": {
                        "threads": 30,
                        "query_by_query": true,
                        "loops": 1,
                        "duration": 180
                    },
                    "queries": {
                        "q1.1": {
                            "qps": 77.17347227854218,
                            "avg": 0.3886342042755348,
                            "min": 0.046,
                            "max": 0.876,
                            "99th": 0.5890599999999995,
                            "sample": 13893,
                            "error": 0
                        },
                        "q1.2": {
                            "qps": 94.28999500582654,
                            "avg": 0.31809504472693134,
                            "min": 0.038,
                            "max": 0.829,
                            "99th": 0.496,
                            "sample": 16992,
                            "error": 0
                        },
                        "q1.3": {
                            "qps": 92.50047191285712,