{
    "metadata": {
        "system": "Apache Doris",
        "version": "4.0.3-rc01-3cac2e8795",
        "create_time": "2026-01-25",
        "machine": "32C(aliyun)",
        "cluster_size": 4,
        "tags": [
            "benchmark",
            "doris"
        ]
    },
    "results": {
        "load": {
            "load_times": {
                "customer": 3.884,
                "dates": 0.169,
                "lineorder": 94.101,
                "part": 1.919,
                "supplier": 0.441,
                "z_lineorder_flat": 63.05
            },
            "data_size_bytes": 63344031434
        },
        "query": {
            "query_times": {}
        },
        "jmeter": {
            "test_results": [
                {
                    "config": {
                        "threads": 10,
                        "query_by_query": true,
                        "loops": 1,
                        "duration": 180
                    },
                    "queries": {
                        "q1.1": {
                            "qps": 120.15977600248887,
                            "avg": 0.08318133062092528,
                            "min": 0.026,
                            "max": 0.328,
                            "99th": 0.115,
                            "sample": 21629,
                            "error": 0
                        },
                        "q1.2": {
                            "qps": 255.87428203219608,
                            "avg": 0.03905403469161809,
                            "min": 0.015,
                            "max": 0.216,
                            "99th": 0.068,
                            "sample": 46063,
                            "error": 0
                        },
                        "q1.3": {
                            "qps": 116.53855552840291,
                            "avg": 0.08577977410284535,
                            "min": 0.03,
                            "max": 0.198,
                            "99th": 0.118,
                            "sample": 20983,
                            "error": 0
                        },
                        "q2.1": {
                            "qps": 25.19400269579157,
                            "avg": 0.39687428445618456,
                            "min": 0.079,
                            "max": 0.66,
                            "99th": 0.46813999999999945,
                            "sample": 4542,
                            "error": 0
                        },
                        "q2.2": {
                            "qps": 25.917038814459328,
                            "avg": 0.38579018431204465,
                            "min": 0.076,
                            "max": 0.525,
                            "99th": 0.4533299999999999,
                            "sample": 4666,
                            "error": 0
                        },
                        "q2.3": {
                            "qps": 37.963938973647714,
                            "avg": 0.2633394709922542,
                            "min": 0.056,
                            "max": 0.4,
                            "99th": 0.331,
                            "sample": 6843,
                            "error": 0
                        },
                        "q3.1": {
                            "qps": 16.11380723400002,
                            "avg": 0.620515506547208,
                            "min": 0.139,
                            "max": 0.879,
                            "99th": 0.747,
                            "sample": 2902,
                            "error": 0
                        },
                        "q3.2": {
                            "qps": 28.074554834415046,
                            "avg": 0.35614562339458666,
                            "min": 0.067,
                            "max": 0.501,
                            "99th": 0.4243800000000001,
                            "sample": 5061,
                            "error": 0
                        },
                        "q3.3": {
                            "qps": 37.80915589893877,
                            "avg": 0.2643931297709933,
                            "min": 0.05,
                            "max": 0.395,
                            "99th": 0.3278699999999999,
                            "sample": 6812,
                            "error": 0
                        },
                        "q3.4": {
                            "qps": 193.08429384807664,
                            "avg": 0.05176300345224437,
                            "min": 0.023,
                            "max": 0.216,
                            "99th": 0.086,
                            "sample": 34760,
                            "error": 0
                        },
                        "q4.1": {
                            "qps": 17.57264654035057,
                            "avg": 0.5690173501577308,
                            "min": 0.112,
                            "max": 0.881,
                            "99th": 0.672,
                            "sample": 3170,
                            "error": 0
                        },
                        "q4.2": {
                            "qps": 53.298533984895606,
                            "avg": 0.187570222963117,
                            "min": 0.043,
                            "max": 0.345,
                            "99th": 0.265,
                            "sample": 9598,
                            "error": 0
                        },
                        "q4.3": {
                            "qps": 73.10151012768605,
                            "avg": 0.13674669503114947,
                            "min": 0.039,
                            "max": 0.291,
                            "99th": 0.2,
                            "sample": 13162,
                            "error": 0
                        }
                    },
                    "total": {
                        "transaction": "Total",
                        "sampleCount": 180191,
                        "errorCount": 0,
                        "errorPct": 0,
                        "meanResTime": 129.9187251305555,
                        "medianResTime": 152,
                        "minResTime": 15,
                        "maxResTime": 881,
                        "pct1ResTime": 207,
                        "pct2ResTime": 222,
                        "pct3ResTime": 247,
                        "throughput": 76.9475163542991,
                        "receivedKBytesPerSec": 252.51004285036674,
                        "sentKBytesPerSec": 0
                    }
                },
                {
                    "config": {
                        "threads": 30,
                        "query_by_query": true,
                        "loops": 1,
                        "duration": 180
                    },
                    "queries": {
                        "q1.1": {
                            "qps": 165.93086214077468,
                            "avg": 0.1807146251673363,
                            "min": 0.07,
                            "max": 0.549,
                            "99th": 0.268,
                            "sample": 29880,
                            "error": 0
                        },
                        "q1.2": {
                            "qps": 284.08131526327486,
                            "avg": 0.10556610487623705,
                            "min": 0.017,
                            "max": 0.41,
                            "99th": 0.176,
                            "sample": 51146,
                            "error": 0
                        },
                        "q1.3": {
                            "qps": 166.31043652534044,
                            "avg": 0.1802984611276157,
                            "min": 0.043,