{
  "metadata": {
    "system": "doris",
    "version": "",
    "create_time": "2026-02-10",
    "machine": "aws.16c.128GB",
    "cluster_size": 1,
    "tags": [
      "benchmark",
      "doris"
    ]
  },
  "results": {
    "load": {
      "load_times": {
        "amazon_reviews": 519.251
      },
      "data_size_bytes": 50646254354
    },
    "query": {
      "query_times": {
        "q1": [
          0.043,
          0.043,
          0.039
        ],
        "q2": [
          0.501,
          0.397,
          0.391
        ],
        "q3": [
          0.060,
          0.034,
          0.043
        ],
        "q4": [
          0.099,
          0.037,
          0.034
        ],
        "q5": [
          0.094,
          0.026,
          0.027
        ],
        "q6": [
          0.102,
          0.042,
          0.040
        ],
        "q7": [
          0.084,
          0.041,
          0.047
        ],
        "q8": [
          0.040,
          0.034,
          0.044
        ],
        "q9": [
          0.110,
          0.044,
          0.037
        ],
        "q10": [
          0.126,
          0.087,
          0.083
        ],
        "q11": [
          0.105,
          0.053,
          0.044
        ],
        "q12": [
          0.134,
          0.067,
          0.067
        ],
        "q13": [
          0.132,
          0.103,
          0.089
        ],
        "q14": [
          0.059,
          0.038,
          0.045
        ],
        "q15": [
          0.062,
          0.040,
          0.042
        ],
        "q16": [
          0.059,
          0.048,
          0.040
        ]
      }
    },
    "jmeter": {
      "test_results": [
        {
          "config": {
            "threads": 50,
            "query_by_query": true,
            "loops": 1,
            "duration": 180
          },
          "queries": {
            "q1": {
              "qps": 251.07869324018907,
              "avg": 0.1990260538771176,
              "min": 0.03,
              "max": 0.744,
              "99th": 0.366,
              "sample": 45214,
              "error": 0
            },
            "q2": {
              "qps": 4.997165704473784,
              "avg": 9.984970264317163,
              "min": 1.668,
              "max": 22.149,
              "99th": 19.261989999999987,
              "sample": 908,
              "error": 0
            },
            "q3": {
              "qps": 507.53835816502755,
              "avg": 0.09845062748230254,
              "min": 0.013,
              "max": 0.444,
              "99th": 0.1229900000000016,
              "sample": 91397,
              "error": 0
            },
            "q4": {
              "qps": 285.35502137345253,
              "avg": 0.1751182078169681,
              "min": 0.017,
              "max": 3.269,
              "99th": 0.3239900000000016,
              "sample": 51401,
              "error": 0
            },
            "q5": {
              "qps": 2029.9374590373357,
              "avg": 0.024597700520420217,
              "min": 0.007,
              "max": 0.414,
              "99th": 0.079,
              "sample": 365474,
              "error": 0
            },
            "q6": {
              "qps": 212.40638029725122,
              "avg": 0.23529599038109594,
              "min": 0.026,
              "max": 3.1,
              "99th": 0.351,
              "sample": 38258,
              "error": 0
            },
            "q7": {
              "qps": 399.2669313858884,
              "avg": 0.12516744095474017,
              "min": 0.016,
              "max": 0.506,
              "99th": 0.19,
              "sample": 71894,
              "error": 0
            },
            "q8": {
              "qps": 304.33889459511977,
              "avg": 0.1642045570636297,
              "min": 0.045,
              "max": 0.555,
              "99th": 0.26,
              "sample": 54816,
              "error": 0
            },
            "q9": {
              "qps": 343.98116267187953,
              "avg": 0.14529449467226455,
              "min": 0.021,
              "max": 0.481,
              "99th": 0.279,
              "sample": 61940,
              "error": 0
            },
            "q10": {
              "qps": 223.00081066974647,
              "avg": 0.22411993924605314,
              "min": 0.057,
              "max": 0.616,
              "99th": 0.32,
              "sample": 40162,
              "error": 0
            },
            "q11": {
              "qps": 141.63637876980272,
              "avg": 0.3528601371204702,
              "min": 0.138,
              "max": 0.696,
              "99th": 0.464,
              "sample": 25525,
              "error": 0
            },
            "q12": {
              "qps": 136.35505717775064,
              "avg": 0.3665531083336736,
              "min": 0.121,
              "max": 0.743,
              "99th": 0.505,
              "sample": 24563,
              "error": 0
            },
            "q13": {
              "qps": 162.6051026868523,
              "avg": 0.30741179685098335,
              "min": 0.052,
              "max": 0.679,
              "99th": 0.44,
              "sample": 29279,
              "error": 0
            },
            "q14": {
              "qps": 332.50020828126304,
              "avg": 0.15031793201369734,
              "min": 0.019,
              "max": 0.492,
              "99th": 0.2549900000000016,
              "sample": 59865,
              "error": 0
            },
            "q15": {
              "qps": 286.41318532421883,
              "avg": 0.1745056323555096,
              "min": 0.038,
              "max": 0.502,
              "99th": 0.286,
              "sample": 51577,
              "error": 0
            },
            "q16": {
              "qps": 268.81171357684815,
              "avg": 0.1858643843819044,
              "min": 0.017,
              "max": 0.524,
              "99th": 0.333,
              "sample": 48431,
              "error": 0
            }
          },
          "total": {
            "transaction": "Total",
            "sampleCount": 1060704,
            "errorCount": 0,
            "errorPct": 0.0,
            "meanResTime": 135.82363411470902,
            "medianResTime": 190.0,
            "minResTime": 7.0,
            "maxResTime": 22149.0,
            "pct1ResTime": 244.0,
            "pct2ResTime": 269.0,
            "pct3ResTime": 333.0,
            "throughput": 367.88842482472734,
            "receivedKBytesPerSec": 491.88522586450154,
            "sentKBytesPerSec": 0.0
          }
        }
      ]
    }
  }
}
