{
  "metadata": {
    "system": "doris",
    "version": "",
    "create_time": "2026-02-10",
    "machine": "aws.32c.256GB",
    "cluster_size": 1,
    "tags": [
      "benchmark",
      "doris"
    ]
  },
  "results": {
    "load": {
      "load_times": {
        "amazon_reviews": 533.831
      },
      "data_size_bytes": 50646254354
    },
    "query": {
      "query_times": {
        "q1": [
          0.050,
          0.038,
          0.040
        ],
        "q2": [
          0.296,
          0.232,
          0.213
        ],
        "q3": [
          0.037,
          0.038,
          0.041
        ],
        "q4": [
          0.072,
          0.040,
          0.037
        ],
        "q5": [
          0.067,
          0.027,
          0.032
        ],
        "q6": [
          0.084,
          0.046,
          0.039
        ],
        "q7": [
          0.067,
          0.031,
          0.039
        ],
        "q8": [
          0.042,
          0.035,
          0.034
        ],
        "q9": [
          0.081,
          0.042,
          0.040
        ],
        "q10": [
          0.117,
          0.075,
          0.067
        ],
        "q11": [
          0.080,
          0.044,
          0.046
        ],
        "q12": [
          0.204,
          0.055,
          0.081
        ],
        "q13": [
          0.088,
          0.153,
          0.279
        ],
        "q14": [
          0.054,
          0.036,
          0.033
        ],
        "q15": [
          0.038,
          0.038,
          0.035
        ],
        "q16": [
          0.054,
          0.039,
          0.035
        ]
      }
    },
    "jmeter": {
      "test_results": [
        {
          "config": {
            "threads": 50,
            "query_by_query": true,
            "loops": 1,
            "duration": 180
          },
          "queries": {
            "q1": {
              "qps": 492.33664366642057,
              "avg": 0.1014447914670042,
              "min": 0.011,
              "max": 0.763,
              "99th": 0.13,
              "sample": 88691,
              "error": 0
            },
            "q2": {
              "qps": 12.484021448611317,
              "avg": 4.000961879432621,
              "min": 0.798,
              "max": 7.929,
              "99th": 6.2922899999999995,
              "sample": 2256,
              "error": 0
            },
            "q3": {
              "qps": 612.1150193809211,
              "avg": 0.08162171357030111,
              "min": 0.014,
              "max": 0.394,
              "99th": 0.173,
              "sample": 110226,
              "error": 0
            },
            "q4": {
              "qps": 366.2359010812642,
              "avg": 0.1364555324730456,
              "min": 0.016,
              "max": 0.535,
              "99th": 0.234,
              "sample": 65947,
              "error": 0
            },
            "q5": {
              "qps": 2057.3312081040103,
              "avg": 0.024269980914639583,
              "min": 0.006,
              "max": 0.362,
              "99th": 0.085,
              "sample": 370441,
              "error": 0
            },
            "q6": {
              "qps": 303.0885243716891,
              "avg": 0.1648797588948739,
              "min": 0.019,
              "max": 14.571,
              "99th": 0.274,
              "sample": 54582,
              "error": 0
            },
            "q7": {
              "qps": 681.572560714861,
              "avg": 0.07330817430699124,
              "min": 0.013,
              "max": 0.383,
              "99th": 0.1239900000000016,
              "sample": 122726,
              "error": 0
            },
            "q8": {
              "qps": 478.80221696489065,
              "avg": 0.10436675327085469,
              "min": 0.016,
              "max": 0.387,
              "99th": 0.202,
              "sample": 86216,
              "error": 0
            },
            "q9": {
              "qps": 488.02483326947316,
              "avg": 0.10240555732556603,
              "min": 0.014,
              "max": 0.54,
              "99th": 0.296,
              "sample": 87884,
              "error": 0
            },
            "q10": {
              "qps": 369.1269576807731,
              "avg": 0.13539544120965916,
              "min": 0.024,
              "max": 0.441,
              "99th": 0.215,
              "sample": 66465,
              "error": 0
            },
            "q11": {
              "qps": 251.58493121787112,
              "avg": 0.19862558750193313,
              "min": 0.05,
              "max": 0.507,
              "99th": 0.324,
              "sample": 45319,
              "error": 0
            },
            "q12": {
              "qps": 194.13110094595194,
              "avg": 0.25743016871603874,
              "min": 0.082,
              "max": 2.189,
              "99th": 0.374,
              "sample": 34970,
              "error": 0
            },
            "q13": {
              "qps": 265.45670567856274,
              "avg": 0.18827243636667848,
              "min": 0.031,
              "max": 0.542,
              "99th": 0.295,
              "sample": 47813,
              "error": 0
            },
            "q14": {
              "qps": 459.25790186801714,
              "avg": 0.10883146121758072,
              "min": 0.014,
              "max": 0.487,
              "99th": 0.2229900000000016,
              "sample": 82705,
              "error": 0
            },
            "q15": {
              "qps": 511.16479244759125,
              "avg": 0.0977620154701902,
              "min": 0.015,
              "max": 0.422,
              "99th": 0.1789900000000016,
              "sample": 92048,
              "error": 0
            },
            "q16": {
              "qps": 350.73901475807753,
              "avg": 0.14251640642320912,
              "min": 0.017,
              "max": 0.446,
              "99th": 0.231,
              "sample": 63146,
              "error": 0
            }
          },
          "total": {
            "transaction": "Total",
            "sampleCount": 1421435,
            "errorCount": 0,
            "errorPct": 0.0,
            "meanResTime": 101.3114725611788,
            "medianResTime": 141.0,
            "minResTime": 6.0,
            "maxResTime": 14571.0,
            "pct1ResTime": 154.0,
            "pct2ResTime": 160.0,
            "pct3ResTime": 231.0,
            "throughput": 493.2085734430343,
            "receivedKBytesPerSec": 725.3021094191314,
            "sentKBytesPerSec": 0.0
          }
        }
      ]
    }
  }
}
