{
  "metadata": {
    "system": "clickhouse cloud",
    "version": "25.8.1.9104",
    "create_time": "2026-01-24",
    "machine": "32C(aws)",
    "cluster_size": 4,
    "tags": [
      "benchmark",
      "clickhouse"
    ]
  },
  "results": {
    "load": {
      "load_times": {
        "customer": 3.222,
        "dates": 0.293,
        "lineorder": 177.088,
        "part": 1.338,
        "supplier": 0.797
      },
      "data_size_bytes": 26437454167
    },
    "query": {
      "query_times": {}
    },
    "jmeter": {
      "test_results": [
        {
          "config": {
            "threads": 10,
            "query_by_query": true,
            "loops": 1,
            "duration": 180
          },
          "queries": {
            "q1.1": {
              "qps": 8.960385373911027,
              "avg": 1.1124599260172616,
              "min": 0.613,
              "max": 5.518,
              "99th": 1.5576199999999998,
              "sample": 1622,
              "error": 0
            },
            "q1.2": {
              "qps": 9.415799955742422,
              "avg": 1.0601633372502948,
              "min": 0.492,
              "max": 1.656,
              "99th": 1.466,
              "sample": 1702,
              "error": 0
            },
            "q1.3": {
              "qps": 9.388606425413967,
              "avg": 1.063175014731881,
              "min": 0.414,
              "max": 2.063,
              "99th": 1.904,
              "sample": 1697,
              "error": 0
            },
            "q2.1": {
              "qps": 3.0336986526005085,
              "avg": 3.274875675675674,
              "min": 1.098,
              "max": 6.497,
              "99th": 6.044279999999993,
              "sample": 555,
              "error": 0
            },
            "q2.2": {
              "qps": 4.050008804366966,
              "avg": 2.461103260869565,
              "min": 1.85,
              "max": 4.5,
              "99th": 4.383979999999999,
              "sample": 736,
              "error": 0
            },
            "q2.3": {
              "qps": 4.288033824795406,
              "avg": 2.3085196950444726,
              "min": 0.853,
              "max": 4.37,
              "99th": 4.105479999999999,
              "sample": 787,
              "error": 0
            },
            "q3.1": {
              "qps": 0.7234222696168005,
              "avg": 13.642496296296292,
              "min": 4.261,
              "max": 34.268,
              "99th": 33.93787999999999,
              "sample": 135,
              "error": 0
            },
            "q3.2": {
              "qps": 0.8360211585601858,
              "avg": 11.618055555555555,
              "min": 3.282,
              "max": 25.605,
              "99th": 25.58484,
              "sample": 162,
              "error": 0
            },
            "q3.3": {
              "qps": 0.5534741144414169,
              "avg": 17.66672115384615,
              "min": 9.797,
              "max": 23.688,
              "99th": 23.67235,
              "sample": 104,
              "error": 0
            },
            "q3.4": {
              "qps": 0.5443571828723033,
              "avg": 17.897378640776694,
              "min": 7.78,
              "max": 24.915,
              "99th": 24.907239999999998,
              "sample": 103,
              "error": 0
            },
            "q4.1": {
              "qps": 1.685211076674446,
              "avg": 5.83452996845426,
              "min": 2.111,
              "max": 13.192,
              "99th": 12.98336,
              "sample": 317,
              "error": 0
            },
            "q4.2": {
              "qps": 2.4158409362337965,
              "avg": 4.099857787810383,
              "min": 1.094,
              "max": 8.62,
              "99th": 8.43852,
              "sample": 443,
              "error": 0
            },
            "q4.3": {
              "qps": 3.252862024892897,
              "avg": 3.0584637436762216,
              "min": 2.299,
              "max": 4.364,
              "99th": 4.08418,
              "sample": 593,
              "error": 0
            }
          },
          "total": {
            "transaction": "Total",
            "sampleCount": 8956,
            "errorCount": 0,
            "errorPct": 0.0,
            "meanResTime": 2651.0531487271114,
            "medianResTime": 1322.0,
            "minResTime": 414.0,
            "maxResTime": 34268.0,
            "pct1ResTime": 4309.3,
            "pct2ResTime": 9190.349999999997,
            "pct3ResTime": 22864.870000000003,
            "throughput": 3.7284896827494904,
            "receivedKBytesPerSec": 11.846000377412787,
            "sentKBytesPerSec": 0.0
          }
        },
        {
          "config": {
            "threads": 30,
            "query_by_query": true,
            "loops": 1,
            "duration": 180
          },
          "queries": {
            "q1.1": {
              "qps": 8.966594502754104,
              "avg": 3.32491014669927,
              "min": 1.699,
              "max": 4.844,
              "99th": 4.23952,
              "sample": 1636,
              "error": 0
            },
            "q1.2": {
              "qps": 9.275642645975976,
              "avg": 3.2172582938388623,
              "min": 1.265,
              "max": 5.304,
              "99th": 4.902879999999999,
              "sample": 1688,
              "error": 0
            },
            "q1.3": {
              "qps": 9.270592626338583,
              "avg": 3.219282415630551,
              "min": 1.123,
              "max": 4.684,
              "99th": 4.3911999999999995,
              "sample": 1689,
              "error": 0
            },
            "q2.1": {
              "qps": 2.6333007099638257,
              "avg": 11.27825051334702,
              "min": 5.042,
              "max": 14.686,
              "99th": 14.40536,
              "sample": 487,
              "error": 0
            },
            "q2.2": {
              "qps": 3.661816649923847,
              "avg": 8.079535398230087,
              "min": 3.251,
              "max": 12.029,
              "99th": 11.83125,
              "sample": 678,
              "error": 0
            },
            "q2.3": {
              "qps": 4.108307971739166,
              "avg": 7.204847368421055,
              "min": 3.109,
              "max": 8.5,
              "99th": 8.300559999999999,
              "sample": 760,
              "error": 0
            },
            "q3.1": {
              "qps": 0.23095629491760294,
              "avg": 108.82022058823529,
              "min": 26.156,
              "max": 194.37,
              "99th": 194.37,
              "sample": 68,
              "error": 33
            },
            "q3.2": {
              "qps": 0.2865812542144302,
              "avg": 86.97795294117645,
              "min": 19.086,
              "max": 160.633,
              "99th": 160.633,
              "sample": 85,
              "error": 36
            },
            "q3.3": {
              "qps": 0.2099517111064455,
              "avg": 118.61491176470592,
              "min": 30.681,
              "max": 171.468,
              "99th": 171.468,
              "sample": 68,
              "error": 43
            },
            "q3.4": {
              "qps": 0.2739704581568833,
              "avg": 93.88832857142856,
              "min": 28.422,
              "max": 173.522,
              "99th": 173.522,
              "sample": 70,
              "error": 23
            },
            "q4.1": {
              "qps": 1.5584526108070444,
              "avg": 18.890143344709898,
              "min": 5.402,
              "max": 24.133,
              "99th": 23.91562,
              "sample": 293,
              "error": 0
            },
            "q4.2": {
              "qps": 3.035234414312174,
              "avg": 9.767707231040564,
              "min": 6.615,
              "max": 11.524,