{
  "metadata": {
    "system": "snowflake",
    "version": "10.0.0",
    "create_time": "2026-01-22",
    "machine": "XLarge(aws)",
    "cluster_size": 1,
    "tags": [
      "benchmark",
      "snowflake"
    ]
  },
  "results": {
    "load": {
      "load_times": {
        "customer": 9.027,
        "dates": 2.494,
        "lineorder": 427.091,
        "part": 7.641,
        "supplier": 4.513,
        "z_lineorder_flat": 48.747
      },
      "data_size_bytes": 49309674496
    },
    "query": {
      "query_times": {}
    },
    "jmeter": {
      "test_results": [
        {
          "config": {
            "threads": 10,
            "query_by_query": true,
            "loops": 1,
            "duration": 180
          },
          "queries": {
            "q1.1": {
              "qps": 23.716664909876673,
              "avg": 0.4213171929824561,
              "min": 0.186,
              "max": 3.527,
              "99th": 1.0623999999999978,
              "sample": 4275,
              "error": 0
            },
            "q1.2": {
              "qps": 40.25396684445086,
              "avg": 0.2482818144216177,
              "min": 0.134,
              "max": 1.266,
              "99th": 0.71546,
              "sample": 7253,
              "error": 0
            },
            "q1.3": {
              "qps": 43.517356986645055,
              "avg": 0.2296044642857143,
              "min": 0.112,
              "max": 7.564,
              "99th": 0.7995900000000001,
              "sample": 7840,
              "error": 0
            },
            "q2.1": {
              "qps": 7.605067097030928,
              "avg": 1.3131598837209297,
              "min": 0.747,
              "max": 3.379,
              "99th": 2.5897500000000004,
              "sample": 1376,
              "error": 0
            },
            "q2.2": {
              "qps": 5.571046020484222,
              "avg": 1.7926927651139744,
              "min": 0.763,
              "max": 2.758,
              "99th": 2.62,
              "sample": 1009,
              "error": 0
            },
            "q2.3": {
              "qps": 10.292953285827394,
              "avg": 0.9703238300161374,
              "min": 0.442,
              "max": 2.604,
              "99th": 1.5962000000000003,
              "sample": 1859,
              "error": 0
            },
            "q3.1": {
              "qps": 6.2012678638482095,
              "avg": 1.6095218165627794,
              "min": 0.83,
              "max": 2.852,
              "99th": 2.4455199999999997,
              "sample": 1123,
              "error": 0
            },
            "q3.2": {
              "qps": 7.968303857987118,
              "avg": 1.2527229166666667,
              "min": 0.776,
              "max": 2.453,
              "99th": 2.0247199999999994,
              "sample": 1440,
              "error": 0
            },
            "q3.3": {
              "qps": 11.389004293034207,
              "avg": 0.8771498054474713,
              "min": 0.351,
              "max": 2.004,
              "99th": 1.5136000000000012,
              "sample": 2056,
              "error": 0
            },
            "q3.4": {
              "qps": 49.001542918669315,
              "avg": 0.20393260844942807,
              "min": 0.122,
              "max": 1.245,
              "99th": 0.6607000000000007,
              "sample": 8829,
              "error": 0
            },
            "q4.1": {
              "qps": 6.610045944513165,
              "avg": 1.5095062656641614,
              "min": 0.863,
              "max": 3.221,
              "99th": 2.26314,
              "sample": 1197,
              "error": 0
            },
            "q4.2": {
              "qps": 13.085116995688173,
              "avg": 0.7633218975010584,
              "min": 0.329,
              "max": 1.7,
              "99th": 1.3467600000000002,
              "sample": 2361,
              "error": 0
            },
            "q4.3": {
              "qps": 12.800425204435856,
              "avg": 0.7803827854671276,
              "min": 0.307,
              "max": 8.128,
              "99th": 1.5749199999999983,
              "sample": 2312,
              "error": 0
            }
          },
          "total": {
            "transaction": "Total",
            "sampleCount": 42930,
            "errorCount": 0,
            "errorPct": 0.0,
            "meanResTime": 546.2442813883034,
            "medianResTime": 669.0,
            "minResTime": 112.0,
            "maxResTime": 8128.0,
            "pct1ResTime": 1399.0,
            "pct2ResTime": 1602.0,
            "pct3ResTime": 1961.9900000000016,
            "throughput": 18.2842608418256,
            "receivedKBytesPerSec": 54.50585076781758,
            "sentKBytesPerSec": 0.0
          }
        },
        {
          "config": {
            "threads": 30,
            "query_by_query": true,
            "loops": 1,
            "duration": 180
          },
          "queries": {
            "q1.1": {
              "qps": 25.64258504680131,
              "avg": 1.1672671410090527,
              "min": 0.509,
              "max": 6.79,
              "99th": 2.3233199999999963,
              "sample": 4638,
              "error": 0
            },
            "q1.2": {
              "qps": 51.2722455924491,
              "avg": 0.5844061182574868,
              "min": 0.153,
              "max": 3.526,
              "99th": 1.496,
              "sample": 9251,
              "error": 0
            },
            "q1.3": {
              "qps": 55.598361428151726,
              "avg": 0.5389389830508469,
              "min": 0.193,
              "max": 2.323,
              "99th": 1.44,
              "sample": 10030,
              "error": 0
            },
            "q2.1": {
              "qps": 7.513102982358646,
              "avg": 3.958891950688905,
              "min": 3.215,
              "max": 6.655,
              "99th": 5.138000000000012,
              "sample": 1379,
              "error": 0
            },
            "q2.2": {
              "qps": 5.5486618729984984,
              "avg": 5.353669921875005,
              "min": 2.504,
              "max": 7.085,
              "99th": 6.527,
              "sample": 1024,
              "error": 0
            },
            "q2.3": {
              "qps": 10.362438491878459,
              "avg": 2.879937003705669,
              "min": 1.534,
              "max": 4.866,
              "99th": 3.841299999999997,
              "sample": 1889,
              "error": 0
            },
            "q3.1": {
              "qps": 6.132476664626119,
              "avg": 4.833963780918725,
              "min": 1.928,
              "max": 6.709,
              "99th": 5.956230000000005,
              "sample": 1132,
              "error": 0
            },
            "q3.2": {
              "qps": 7.898026852204164,
              "avg": 3.760379215416386,
              "min": 1.675,
              "max": 5.125,
              "99th": 4.672440000000001,
              "sample": 1453,
              "error": 0
            },
            "q3.3": {
              "qps": 7.838033688756119,
              "avg": 2.6072650943396214,
              "min": 1.351,
              "max": 256.035,
              "99th": 3.39837,
              "sample": 2120,
              "error": 0
            },
            "q3.4": {
              "qps": 69.16753964426856,
              "avg": 0.43322702139594416,
              "min": 0.228,
              "max": 2.309,
              "99th": 1.1082000000000007,
              "sample": 12479,
              "error": 0
            },
            "q4.1": {
              "qps": 6.433077597307737,
              "avg": 4.6023650126156515,
              "min": 2.087,
              "max": 7.284,
              "99th": 6.002599999999999,
              "sample": 1189,
              "error": 0
            },